"text",label
"Sell Infosys target 1400 says Goldman Sachs on weak deal pipeline visibility",MARKET_OPINION
"Reduce HDFC Bank target 1500 recommends Credit Suisse on NIM compression concerns",MARKET_OPINION
"Sell TCS target 3800 says Morgan Stanley citing margin headwinds ahead",MARKET_OPINION
"Reduce Reliance target 2800 recommends UBS on petrochemical weakness",MARKET_OPINION
"Sell Wipro target 400 says Jefferies on demand environment uncertainty",MARKET_OPINION
"Reduce Axis Bank target 1000 recommends Nomura on asset quality concerns",MARKET_OPINION
"Sell ICICI Bank target 1050 says Barclays citing competitive pressures",MARKET_OPINION
"Reduce Kotak Bank target 1700 recommends Deutsche Bank on growth slowdown",MARKET_OPINION
"Sell SBI target 700 says Macquarie on PSU bank sector headwinds",MARKET_OPINION
"Reduce IndusInd Bank target 1400 recommends CLSA on microfinance stress",MARKET_OPINION
"Sell HCL Tech target 1200 says BofA on client spending cuts",MARKET_OPINION
"Reduce Tech Mahindra target 1300 recommends Citi on deal pipeline weakness",MARKET_OPINION
"Sell LTIMindtree target 5000 says JP Morgan on integration challenges",MARKET_OPINION
"Reduce Persistent Systems target 3700 recommends Emkay on valuation stretch",MARKET_OPINION
"Sell Coforge target 5500 says HSBC citing margin pressure concerns",MARKET_OPINION
"Reduce Mphasis target 2200 recommends Goldman on BFS vertical weakness",MARKET_OPINION
"Sell Cyient target 1800 says Kotak on aerospace segment slowdown",MARKET_OPINION
"Reduce Birlasoft target 700 recommends ICICI Securities on deal delays",MARKET_OPINION
"Sell Zensar target 600 says Motilal Oswal on execution concerns",MARKET_OPINION
"Reduce LTTS target 4500 recommends Axis Capital on auto weakness",MARKET_OPINION
"Sell ITC target 420 says HSBC on cigarette volume concerns ahead",MARKET_OPINION
"Reduce HUL target 2200 recommends SocGen on competitive intensity",MARKET_OPINION
"Sell Nestle target 2300 says BNP Paribas on valuation premium",MARKET_OPINION
"Reduce Dabur target 550 recommends Kotak on rural recovery delay",MARKET_OPINION
"Sell Marico target 580 says Edelweiss on copra inflation impact",MARKET_OPINION
"Reduce Godrej Consumer target 1200 recommends Prabhudas on Africa risks",MARKET_OPINION
"Sell Britannia target 5000 says IDBI Capital on input cost surge",MARKET_OPINION
"Reduce Colgate target 2700 recommends Sharekhan on competitive pressure",MARKET_OPINION
"Sell Emami target 520 says Yes Securities on distribution challenges",MARKET_OPINION
"Reduce United Spirits target 1150 recommends Nirmal Bang on volume slowdown",MARKET_OPINION
"Downgrade Infosys to sell target 1350 says UBS on growth concerns",MARKET_OPINION
"Downgrade TCS to reduce target 3700 recommends Credit Suisse on margins",MARKET_OPINION
"Downgrade Wipro to sell target 380 says Jefferies on demand weakness",MARKET_OPINION
"Downgrade HDFC Bank to hold target 1600 recommends Nomura on NIM",MARKET_OPINION
"Downgrade Reliance to reduce target 2700 says Macquarie on refining",MARKET_OPINION
"Avoid Zomato says Jefferies citing elevated valuation multiples",MARKET_OPINION
"Avoid Paytm says Goldman Sachs on regulatory overhang concerns",MARKET_OPINION
"Avoid Nykaa says Morgan Stanley citing profitability timeline uncertainty",MARKET_OPINION
"Avoid PolicyBazaar says UBS on insurance sector headwinds",MARKET_OPINION
"Avoid CarTrade says CLSA citing competitive intensity in auto tech",MARKET_OPINION
"Analysts bearish on IT sector expect further cuts in guidance ahead",MARKET_OPINION
"Brokerages turn negative on FMCG stocks on rural demand weakness",MARKET_OPINION
"Fund managers reduce exposure to banking stocks on NIM concerns",MARKET_OPINION
"Traders expect more downside in metal stocks on China slowdown",MARKET_OPINION
"Analysts see further weakness in auto stocks on demand uncertainty",MARKET_OPINION
"Strategists recommend underweight on pharma sector near term",MARKET_OPINION
"Brokerages cut targets on realty stocks on interest rate concerns",MARKET_OPINION
"Fund houses reduce allocation to midcap stocks on valuation stretch",MARKET_OPINION
"Analysts expect earnings downgrades in cement sector this quarter",MARKET_OPINION
"Traders positioning for weakness in oil and gas stocks ahead",MARKET_OPINION
"Sensex closes 150 points higher led by banking and IT stocks",DESCRIPTIVE
"Nifty ends 50 points up in quiet trading session on Tuesday",DESCRIPTIVE
"Markets settle marginally higher ahead of RBI policy decision",DESCRIPTIVE
"Sensex gains 200 points as IT stocks lead broad based buying",DESCRIPTIVE
"Nifty closes above 22000 level with banking stocks providing support",DESCRIPTIVE
"Markets end flat in range bound trade amid mixed global cues",DESCRIPTIVE
"Sensex rises 100 points in choppy session with limited participation",DESCRIPTIVE
"Nifty settles at 22500 up 30 points on selective buying",DESCRIPTIVE
"Markets close marginally positive with advance decline ratio at 1.2",DESCRIPTIVE
"Sensex ends 75 points higher as pharma and auto stocks gain",DESCRIPTIVE
"Nifty closes 40 points up with midcap index outperforming benchmark",DESCRIPTIVE
"Markets settle in green for third consecutive session on FII buying",DESCRIPTIVE
"Sensex gains 180 points as metal and power stocks see buying",DESCRIPTIVE
"Nifty ends above 23000 with broad based participation across sectors",DESCRIPTIVE
"Markets close higher by half percent tracking positive Asian cues",DESCRIPTIVE
"Sensex rises 250 points as realty and infra stocks lead gains",DESCRIPTIVE
"Nifty settles 60 points up with banking index contributing most gains",DESCRIPTIVE
"Markets end session up 100 points with IT index adding 1 percent",DESCRIPTIVE
"Sensex closes 120 points higher on last hour buying in financials",DESCRIPTIVE
"Nifty ends marginally positive at 22200 in low volume session",DESCRIPTIVE
"Sensex falls 100 points as profit booking emerges in IT stocks",DESCRIPTIVE
"Nifty ends 50 points lower in cautious trade before Fed decision",DESCRIPTIVE
"Markets close marginally negative with banking stocks under pressure",DESCRIPTIVE
"Sensex drops 150 points as FII outflows weigh on sentiment",DESCRIPTIVE
"Nifty settles 30 points down on mixed global cues overnight",DESCRIPTIVE
"Markets end flat to negative with metal stocks leading losses",DESCRIPTIVE
"Sensex closes 80 points lower as pharma stocks face selling",DESCRIPTIVE
"Nifty ends in red for second session amid profit booking",DESCRIPTIVE
"Markets settle 100 points down with auto stocks underperforming",DESCRIPTIVE
"Sensex falls 200 points as oil price concerns weigh on OMCs",DESCRIPTIVE
"FII outflows continue for fifth session totaling 3200 crores today",DESCRIPTIVE
"DIIs provide support with 2500 crore purchases offsetting FII selling",DESCRIPTIVE
"Market breadth positive with 1800 advances against 1200 declines",DESCRIPTIVE
"Midcap index outperforms benchmark with 1 percent gain today",DESCRIPTIVE
"Smallcap index ends flat with selective buying in quality names",DESCRIPTIVE
"Banking index closes marginally positive with HDFC Bank leading gains",DESCRIPTIVE
"IT index ends 0.5 percent higher on TCS and Infosys buying",DESCRIPTIVE
"Pharma index settles flat with mixed performance across constituents",DESCRIPTIVE
"Auto index gains 1 percent ahead of monthly sales data release",DESCRIPTIVE
"Metal index ends lower tracking weak global commodity prices today",DESCRIPTIVE
"Rupee settles at 83.45 against dollar in quiet forex session",DESCRIPTIVE
"Rupee ends marginally weaker at 83.50 amid FII outflows",DESCRIPTIVE
"Dollar index steady at 104 keeping emerging market currencies stable",DESCRIPTIVE
"Gold prices flat at 62500 rupees tracking global stability",DESCRIPTIVE
"Silver ends unchanged at 74000 with limited retail interest",DESCRIPTIVE
"Crude oil settles at 82 dollars with supply demand balanced",DESCRIPTIVE
"Bond yields stable at 7.15 percent ahead of RBI policy",DESCRIPTIVE
"10 year yield edges lower to 7.12 percent on rate cut hopes",DESCRIPTIVE
"VIX index at 13 indicating low volatility expectations near term",DESCRIPTIVE
"Options data suggests Nifty support at 22000 resistance at 22500",DESCRIPTIVE
"US non-farm payrolls rise 256000 beating 165000 consensus estimate",DATA_RELEASE
"US jobs data shows 275000 additions above 200000 forecast",DATA_RELEASE
"America employment report at 303000 versus 212000 expected",DATA_RELEASE
"US payrolls increase 353000 significantly above 180000 estimate",DATA_RELEASE
"Non-farm employment rises 216000 matching market expectations",DATA_RELEASE
"US unemployment rate holds at 3.7 percent as expected by markets",DATA_RELEASE
"America jobless rate unchanged at 3.9 percent in line with forecasts",DATA_RELEASE
"US weekly jobless claims fall to 210000 below 220000 estimate",DATA_RELEASE
"Initial claims at 215000 versus 225000 consensus for the week",DATA_RELEASE
"Continuing claims rise to 1.87 million above 1.82 million forecast",DATA_RELEASE
"US CPI inflation at 3.2 percent versus 3.4 percent expected",DATA_RELEASE
"America consumer prices rise 3.1 percent below 3.3 percent estimate",DATA_RELEASE
"US core CPI at 3.8 percent matching market expectations precisely",DATA_RELEASE
"Producer prices rise 0.3 percent above 0.1 percent forecast",DATA_RELEASE
"US PPI inflation at 1.6 percent year on year below estimates",DATA_RELEASE
"US retail sales rise 0.6 percent beating 0.3 percent consensus",DATA_RELEASE
"America consumer spending grows 0.7 percent above expectations",DATA_RELEASE
"US industrial production falls 0.1 percent missing flat forecast",DATA_RELEASE
"Manufacturing output declines 0.5 percent below expectations",DATA_RELEASE
"US GDP grows 3.3 percent in Q4 beating 2.0 percent estimate",DATA_RELEASE
"America Q3 GDP revised up to 5.2 percent from 4.9 percent",DATA_RELEASE
"US durable goods orders rise 0.5 percent above 0.3 percent forecast",DATA_RELEASE
"Core capital goods orders increase 0.6 percent beating estimates",DATA_RELEASE
"US housing starts at 1.46 million above 1.42 million expected",DATA_RELEASE
"Building permits rise to 1.52 million exceeding 1.48 million forecast",DATA_RELEASE
"US existing home sales at 4.09 million below 4.15 million estimate",DATA_RELEASE
"New home sales rise to 664000 above 645000 consensus forecast",DATA_RELEASE
"US consumer confidence at 114.8 above 108.5 market expectation",DATA_RELEASE
"Michigan sentiment rises to 79.6 beating 76.9 consensus estimate",DATA_RELEASE
"US ISM manufacturing PMI at 49.1 below 50.0 forecast level",DATA_RELEASE
"Services PMI comes in at 52.6 above 52.0 market expectation",DATA_RELEASE
"China PMI at 50.2 indicating manufacturing expansion continues monthly",DATA_RELEASE
"China industrial output grows 6.8 percent above 5.5 percent estimate",DATA_RELEASE
"China retail sales rise 7.4 percent beating 7.0 percent forecast",DATA_RELEASE
"China GDP grows 5.2 percent in Q4 matching market expectations",DATA_RELEASE
"China exports rise 8.7 percent above 5.5 percent consensus estimate",DATA_RELEASE
"China imports grow 3.4 percent versus 1.5 percent market forecast",DATA_RELEASE
"Eurozone PMI at 47.9 slightly above 47.5 market expectation",DATA_RELEASE
"Germany industrial output falls 1.5 percent below minus 0.5 forecast",DATA_RELEASE
"UK GDP grows 0.3 percent in Q4 above 0.1 percent estimate",DATA_RELEASE
"Japan GDP contracts 0.1 percent below flat market expectation",DATA_RELEASE
"India December CPI inflation at 5.69 percent above 5.50 estimate",DATA_RELEASE
"India January CPI at 5.1 percent within RBI target band",DATA_RELEASE
"India WPI inflation at 0.73 percent above 0.50 percent forecast",DATA_RELEASE
"India IIP grows 3.8 percent above 2.5 percent market estimate",DATA_RELEASE
"India manufacturing PMI at 56.5 above 55.0 consensus forecast",DATA_RELEASE
"India services PMI rises to 61.8 beating 60.0 expectation",DATA_RELEASE
"India GDP grows 7.6 percent in Q2 beating 6.5 percent forecast",DATA_RELEASE
"India fiscal deficit at 5.8 percent of GDP for FY24 as targeted",DATA_RELEASE
"India forex reserves at 642 billion dollars up 5 billion weekly",DATA_RELEASE
"India trade deficit narrows to 20.5 billion from 22.5 billion prior",DATA_RELEASE
